{
"prestigeLevel": 0,
"wallet": 3.058416159939957E51,
"prestigeCurrency": 0,
"specialPoints": 603584,
"mostMoneyObtained": 3.058416159939957E51
}