{
"prestigeLevel": 0,
"wallet": 3.854815462287582E106,
"prestigeCurrency": 0,
"specialPoints": 10044160,
"mostMoneyObtained": 3.854815462287582E106
}