{
"prestigeLevel": 71,
"wallet": 3.854815462287582E106,
"prestigeCurrency": 962,
"specialPoints": 10830118,
"mostMoneyObtained": 3.854815462287582E106
}