{
"prestigeLevel": 111,
"wallet": 3.854815462287582E106,
"prestigeCurrency": 242,
"specialPoints": 10879231,
"mostMoneyObtained": 3.854815462287582E106
}