{
"prestigeLevel": 0,
"wallet": 1.4545909376423254E10,
"prestigeCurrency": 0,
"specialPoints": 960,
"mostMoneyObtained": 1.4545909376423254E10
}