{
"prestigeLevel": 0,
"wallet": 3.854815435110861E106,
"prestigeCurrency": 0,
"specialPoints": 2330144,
"mostMoneyObtained": 3.854815435110861E106
}