{
"prestigeLevel": 0,
"wallet": 3.058416161023542E51,
"prestigeCurrency": 0,
"specialPoints": 2004288,
"mostMoneyObtained": 3.058416161023542E51
}