{
"prestigeLevel": 0,
"wallet": 8.906022461859615E39,
"prestigeCurrency": 0,
"specialPoints": 221024,
"mostMoneyObtained": 8.906022461859615E39
}