{
"prestigeLevel": 109,
"wallet": 3.854815462287582E106,
"prestigeCurrency": 236,
"specialPoints": 10879231,
"mostMoneyObtained": 3.854815462287582E106
}